"","AUC","PRAUC"
"Risk factors only",0.84050042408821,0.193936992793743
"Risk factors + PRS",0.857369156313925,0.211750477509899
"Risk factors + direct EpiScore",0.876808611485307,0.277117721293337
"Risk factors + PRS + direct EpiScore",0.888010776829816,0.297077860566548
