"","AUC","PRAUC"
"Risk factors only",0.840289627301302,0.193307724894657
"Risk factors + PRS",0.857088509704136,0.211005743579404
"Risk factors + direct EpiScore",0.877754078730729,0.275186711929612
"Risk factors + PRS + direct EpiScore",0.889172030135209,0.296729510247857
